record_id,selected_channel_index,selected_lead,all_leads,used_alternative
100,0,MLII,MLII|V5,False
101,0,MLII,MLII|V1,False
102,0,V5,V5|V2,True
103,0,MLII,MLII|V2,False
104,0,V5,V5|V2,True
105,0,MLII,MLII|V1,False
106,0,MLII,MLII|V1,False
107,0,MLII,MLII|V1,False
108,0,MLII,MLII|V1,False
109,0,MLII,MLII|V1,False
111,0,MLII,MLII|V1,False
112,0,MLII,MLII|V1,False
113,0,MLII,MLII|V1,False
114,1,MLII,V5|MLII,False
115,0,MLII,MLII|V1,False
116,0,MLII,MLII|V1,False
117,0,MLII,MLII|V2,False
118,0,MLII,MLII|V1,False
119,0,MLII,MLII|V1,False
121,0,MLII,MLII|V1,False
122,0,MLII,MLII|V1,False
123,0,MLII,MLII|V5,False
124,0,MLII,MLII|V4,False
200,0,MLII,MLII|V1,False
201,0,MLII,MLII|V1,False
202,0,MLII,MLII|V1,False
203,0,MLII,MLII|V1,False
205,0,MLII,MLII|V1,False
207,0,MLII,MLII|V1,False
208,0,MLII,MLII|V1,False
209,0,MLII,MLII|V1,False
210,0,MLII,MLII|V1,False
212,0,MLII,MLII|V1,False
213,0,MLII,MLII|V1,False
214,0,MLII,MLII|V1,False
215,0,MLII,MLII|V1,False
217,0,MLII,MLII|V1,False
219,0,MLII,MLII|V1,False
220,0,MLII,MLII|V1,False
221,0,MLII,MLII|V1,False
222,0,MLII,MLII|V1,False
223,0,MLII,MLII|V1,False
228,0,MLII,MLII|V1,False
230,0,MLII,MLII|V1,False
231,0,MLII,MLII|V1,False
232,0,MLII,MLII|V1,False
233,0,MLII,MLII|V1,False
234,0,MLII,MLII|V1,False
