symbol,count,contributing_records,is_heartbeat,percentage
N,75052,40,True,66.62583113620425
L,8075,4,True,7.168411054000551
R,7259,6,True,6.444024252754179
V,7130,37,True,6.329507221674789
/,7028,4,True,6.238958871518993
A,2546,27,True,2.2601578382025265
+,1291,48,False,1.146058039716992
f,982,3,True,0.8717498024803146
F,803,17,True,0.7128463252461228
~,616,38,False,0.5468410166271628
!,472,1,False,0.4190080517013325
"""",437,5,False,0.387937539392971
j,229,5,True,0.20328992338899393
x,193,5,False,0.17133168215753639
a,150,7,True,0.1331593384644065
|,132,19,False,0.11718021784867773
E,106,2,True,0.0940992658481806
J,83,5,True,0.0736815006169716
Q,33,6,True,0.029295054462169432
e,16,1,True,0.014203662769536694
[,6,1,False,0.0053263735385762605
],6,1,False,0.0053263735385762605
S,2,1,True,0.0017754578461920867
