record_id,n_channels,channel_names,fs_hz,n_samples,duration_minutes,annotation_count,annotation_symbols,nan_count,infinite_count,minimum_mV,maximum_mV,mean_mV,std_mV
100,2,MLII|V5,360,650000,30.092592592592595,2274,+ANV,0,0,-2.715,1.435,-0.24866670384615383,0.18157117166295547
101,2,MLII|V1,360,650000,30.092592592592595,1874,+ANQ|~,0,0,-3.175,2.42,-0.18116819615384613,0.21434163005687543
102,2,V5|V2,360,650000,30.092592592592595,2192,+/NVf,0,0,-3.37,2.535,-0.11663550384615384,0.8298466685248455
103,2,MLII|V2,360,650000,30.092592592592595,2091,+AN~,0,0,-5.12,5.115,-0.09220743846153848,0.5542854743375406
104,2,V5|V2,360,650000,30.092592592592595,2311,+/NQVf~,0,0,-1.935,1.975,-0.07674042692307692,0.27168531621848985
105,2,MLII|V1,360,650000,30.092592592592595,2691,+NQV|~,0,0,-3.715,3.0,-0.07211835384615385,0.38012558577606675
106,2,MLII|V1,360,650000,30.092592592592595,2098,+NV~,0,0,-2.665,2.57,-0.08114098846153846,0.2941468265155631
107,2,MLII|V1,360,650000,30.092592592592595,2140,+/V~,0,0,-3.375,3.465,-0.06905479615384616,0.7627914216328159
108,2,MLII|V1,360,650000,30.092592592592595,1824,+AFNVjx|~,0,0,-4.49,3.15,-0.06057256153846153,0.4483539697736
109,2,MLII|V1,360,650000,30.092592592592595,2535,+FLV~,0,0,-3.195,3.13,-0.06143222307692307,0.4563244135381145
111,2,MLII|V1,360,650000,30.092592592592595,2133,+LV~,0,0,-2.82,2.75,-0.04360463846153847,0.30713745501626677
112,2,MLII|V1,360,650000,30.092592592592595,2550,+AN~,0,0,-2.635,0.82,-0.7285272269230769,0.1989878277033027
113,2,MLII|V1,360,650000,30.092592592592595,1796,+Na,0,0,-1.225,2.55,-0.0412435,0.3304150124290954
114,2,V5|MLII,360,650000,30.092592592592595,1890,+AFJNV|~,0,0,-2.505,3.77,-0.04332317307692308,0.31263522305360564
115,2,MLII|V1,360,650000,30.092592592592595,1962,+N|~,0,0,-4.9,3.54,-0.3485986576923077,0.33982063185729394
116,2,MLII|V1,360,650000,30.092592592592595,2421,+ANV~,0,0,-5.12,5.115,-0.8489363,0.5045566742619803
117,2,MLII|V2,360,650000,30.092592592592595,1539,+AN~,0,0,-3.78,3.26,-0.6729024423076924,0.3254427252602282
118,2,MLII|V1,360,650000,30.092592592592595,2301,+ARVx~,0,0,-3.83,3.845,-0.6865548,0.4266675909579764
119,2,MLII|V1,360,650000,30.092592592592595,2094,+NV~,0,0,-4.145,2.5,-0.6933854346153846,0.49387344868218436
121,2,MLII|V1,360,650000,30.092592592592595,1876,+ANV~,0,0,-4.45,1.4,-0.6987905153846155,0.3087642500492951
122,2,MLII|V1,360,650000,30.092592592592595,2479,+N|,0,0,-2.2,1.25,-0.6635331615384615,0.32934589357649047
123,2,MLII|V5,360,650000,30.092592592592595,1519,+NV,0,0,-3.095,2.06,-0.6492144423076922,0.2843326093934649
124,2,MLII|V4,360,650000,30.092592592592595,1634,+AFJRVj~,0,0,-3.605,2.595,-0.6800359346153846,0.3965433302508009
200,2,MLII|V1,360,650000,30.092592592592595,2792,+AFNV~,0,0,-4.89,4.94,-0.02109596538461539,0.449133658530799
201,2,MLII|V1,360,650000,30.092592592592595,2039,+AFJNVajx~,0,0,-2.075,2.045,-0.15704333846153848,0.1855439057480447
202,2,MLII|V1,360,650000,30.092592592592595,2146,+AFNVa|,0,0,-2.755,2.92,-0.06060506923076923,0.26900538335847735
203,2,MLII|V1,360,650000,30.092592592592595,3108,+FNQVa|~,0,0,-4.305,3.64,-0.07233753076923077,0.39878633302990885
205,2,MLII|V1,360,650000,30.092592592592595,2672,+AFNV|~,0,0,-2.175,1.455,-0.36714130769230774,0.16939729720797456
207,2,MLII|V1,360,650000,30.092592592592595,2385,!+AELRV[]|~,0,0,-3.955,3.065,-0.054311357692307695,0.35194907660309616
208,2,MLII|V1,360,650000,30.092592592592595,3040,+FNQSV|~,0,0,-3.485,3.65,-0.05496497307692307,0.4209983832236899
209,2,MLII|V1,360,650000,30.092592592592595,3052,+ANV|~,0,0,-1.455,1.885,-0.05328784615384615,0.23107299019668626
210,2,MLII|V1,360,650000,30.092592592592595,2685,+EFNVa|~,0,0,-1.915,3.32,-0.040751138461538466,0.23776920504542776
212,2,MLII|V1,360,650000,30.092592592592595,2763,+NR|~,0,0,-3.23,2.545,-0.03365203846153846,0.37284680113295254
213,2,MLII|V1,360,650000,30.092592592592595,3294,+AFNVa,0,0,-3.555,3.285,-0.16258356923076922,0.6893194714415743
214,2,MLII|V1,360,650000,30.092592592592595,2297,"""+FLQV|~",0,0,-2.73,2.8,-0.03605497307692308,0.4718127512105665
215,2,MLII|V1,360,650000,30.092592592592595,3400,"""+AFNV~",0,0,-1.55,2.5,-0.02453222307692308,0.26383376182182966
217,2,MLII|V1,360,650000,30.092592592592595,2280,+/NVf|~,0,0,-3.365,3.4,-0.06436861538461539,0.5053302577062524
219,2,MLII|V1,360,650000,30.092592592592595,2312,"""+AFNVx",0,0,-3.105,3.225,-0.549182673076923,0.5265445760914419
220,2,MLII|V1,360,650000,30.092592592592595,2069,+AN~,0,0,-2.125,1.915,-0.4674994346153846,0.2489112660855184
221,2,MLII|V1,360,650000,30.092592592592595,2462,+NV~,0,0,-1.815,2.23,-0.04357982307692307,0.27788122148024563
222,2,MLII|V1,360,650000,30.092592592592595,2634,+AJNj~,0,0,-2.2,1.765,-0.0391051,0.22168455785744648
223,2,MLII|V1,360,650000,30.092592592592595,2643,+AFNVae~,0,0,-5.12,5.115,-0.40433971153846154,0.49662665806410033
228,2,MLII|V1,360,650000,30.092592592592595,2141,"""+ANV|~",0,0,-3.135,3.655,-0.06989146538461538,0.4349902641804478
230,2,MLII|V1,360,650000,30.092592592592595,2466,+NV|~,0,0,-3.96,2.615,-0.07554263846153846,0.3381883996515621
231,2,MLII|V1,360,650000,30.092592592592595,2011,"""+ANRVx",0,0,-1.59,2.075,-0.015174400000000001,0.276602124220154
232,2,MLII|V1,360,650000,30.092592592592595,1816,+ARj~,0,0,-1.35,1.61,-0.05494025384615385,0.19461146975747942
233,2,MLII|V1,360,650000,30.092592592592595,3152,+AFNV|,0,0,-2.985,2.955,-0.0455175423076923,0.5180970737820261
234,2,MLII|V1,360,650000,30.092592592592595,2764,+JNV~,0,0,-2.615,2.86,-0.05593183076923077,0.2797276394429778
