class,comparison,support,first_recall,second_recall,first_only_detected,second_only_detected,discordant_total,exact_two_sided_p
N,logistic_regression vs random_forest,13374,0.6768356512636459,0.9154329295648272,519,3710,4229,0.0
N,random_forest vs cnn,13374,0.9154329295648272,0.996710034395095,40,1127,1167,3.106517145538925e-277
N,logistic_regression vs cnn,13374,0.6768356512636459,0.996710034395095,22,4300,4322,0.0
S,logistic_regression vs random_forest,434,0.9308755760368663,0.11981566820276497,353,1,354,1.9348169512997037e-104
S,random_forest vs cnn,434,0.11981566820276497,0.0,52,0,52,4.440892098500626e-16
S,logistic_regression vs cnn,434,0.9308755760368663,0.0,404,0,404,4.840739893561648e-122
V,logistic_regression vs random_forest,1299,0.7613548883756736,0.9276366435719784,19,235,254,1.5229126874765648e-48
V,random_forest vs cnn,1299,0.9276366435719784,0.8314087759815243,171,46,217,4.112836441876785e-18
V,logistic_regression vs cnn,1299,0.7613548883756736,0.8314087759815243,92,183,275,4.352523795988522e-08
F,logistic_regression vs random_forest,26,0.07692307692307693,0.038461538461538464,1,0,1,1.0
F,random_forest vs cnn,26,0.038461538461538464,0.0,1,0,1,1.0
F,logistic_regression vs cnn,26,0.07692307692307693,0.0,2,0,2,0.5
