model,record_id,n_beats,accuracy,macro_f1_present_classes,recall_S,recall_V,recall_F
logistic_regression,101,1862,0.9967776584317938,0.8325255788906839,0.6666666666666666,,
logistic_regression,102,103,0.7864077669902912,0.48122710622710624,,0.25,
logistic_regression,114,1879,0.9819052687599787,0.4840843012147839,0.4166666666666667,0.5348837209302325,0.0
logistic_regression,209,3004,0.18308921438082557,0.4523518212178907,1.0,1.0,
logistic_regression,210,2648,0.7590634441087614,0.5076524246979551,0.5909090909090909,0.8717948717948718,0.0
logistic_regression,217,406,0.6477832512315271,0.6419786744214224,,0.41975308641975306,
logistic_regression,219,2154,0.9600742804085423,0.43412178564431914,0.0,0.84375,0.0
logistic_regression,233,3077,0.5765355866103348,0.3889323344659136,0.14285714285714285,0.8096385542168675,0.18181818181818182
random_forest,101,1862,0.9994629430719656,0.8998655552567895,0.6666666666666666,,
random_forest,102,103,0.9902912621359223,0.9260588657573582,,0.75,
random_forest,114,1879,0.9462480042575838,0.49001847589596115,0.25,0.8837209302325582,0.0
random_forest,209,3004,0.8834886817576565,0.5967040938111956,0.10443864229765012,1.0,
random_forest,210,2648,0.9539274924471299,0.5016404244973641,0.2727272727272727,0.882051282051282,0.0
random_forest,217,406,0.9187192118226601,0.91750461341468,,0.9320987654320988,
random_forest,219,2154,0.8783658310120706,0.44733266392629245,0.14285714285714285,0.953125,0.0
random_forest,233,3077,0.7523561910952227,0.4412878733836559,0.0,0.9385542168674699,0.09090909090909091
cnn,101,1862,0.9973147153598282,0.4993277762839473,0.0,,
cnn,102,103,0.9902912621359223,0.9260588657573582,,0.75,
cnn,114,1879,0.9893560404470463,0.4877923976608187,0.0,1.0,0.0
cnn,209,3004,0.8711717709720372,0.6437088449902117,0.0,1.0,
cnn,210,2648,0.9682779456193353,0.47280061924531447,0.0,0.8461538461538461,0.0
cnn,217,406,0.9876847290640394,0.988658350305499,,0.9753086419753086,
cnn,219,2154,0.989322191272052,0.4665741064258875,0.0,0.796875,0.0
cnn,233,3077,0.9356516087097823,0.4595374239995666,0.0,0.7939759036144578,0.0
