model,class,precision,recall,f1,support,predicted_support,average_precision
logistic_regression,N,0.9861640701601482,0.6768356512636459,0.8027313439453732,13374,9179,0.9653851860419191
logistic_regression,S,0.11370672670982268,0.9308755760368663,0.20265864058189115,434,3553,0.7262547539558443
logistic_regression,V,0.8729037952338923,0.7613548883756736,0.8133223684210527,1299,1133,0.8283777077368287
logistic_regression,F,0.0015772870662460567,0.07692307692307693,0.0030911901081916537,26,1268,0.0015183652050229615
random_forest,N,0.9630299693227405,0.9154329295648272,0.938628435619274,13374,12713,0.9872070453567084
random_forest,S,0.11818181818181818,0.11981566820276497,0.11899313501144165,434,440,0.0901307515468098
random_forest,V,0.934833204034135,0.9276366435719784,0.9312210200927357,1299,1289,0.980227811545831
random_forest,F,0.001447178002894356,0.038461538461538464,0.002789400278940028,26,691,0.0033690623991482213
cnn,N,0.952551093325711,0.996710034395095,0.9741303712364806,13374,13994,0.9033054005994879
cnn,S,0.0,0.0,0.0,434,35,0.017435810302974496
cnn,V,0.9818181818181818,0.8314087759815243,0.9003751563151313,1299,1100,0.9618939190511236
cnn,F,0.0,0.0,0.0,26,4,0.0013456125235548064
