feature,permutation_importance_mean,permutation_importance_std
rr_previous_s,0.13528695498392673,0.007381917992246073
max_abs_slope,0.08783864135919528,0.01441965668465562
rr_next_s,0.06995040003436848,0.01302459658604146
rr_local_mean_s,0.06571946577402572,0.005598412167634991
qrs_local_range,0.045062114318294946,0.00607284736344035
mean_abs_slope,0.03551307503889232,0.006364257361367563
wave_max,0.03183483398069438,0.011809607211701427
wave_min,0.029793660511428687,0.0022556152088586356
rr_previous_relative,0.029077411232484817,0.007020116361353242
wave_median,0.026569950807786923,0.0051650374275018915
wave_range,0.01703309980109633,0.007150682376006486
rr_previous_deviation_s,0.01408733868759624,0.007044732047705578
wave_abs_area,0.011877403183971768,0.004326585473583075
zero_crossings,0.001439752053028398,0.0012157453829539197
wave_std,0.0,0.0
wave_variance,0.0,0.0
wave_mean,0.0,0.0
wave_energy,0.0,0.0
