Model,Class,Support,Precision,Recall,F1,Average Precision,Prevalence Baseline
Logistic Regression,N,13374,0.9861640701601482,0.6768356512636459,0.8027313439453732,0.9653851860419191,0.8837639595585806
Logistic Regression,S,434,0.11370672670982268,0.9308755760368663,0.20265864058189115,0.7262547539558443,0.02867904579396022
Logistic Regression,V,1299,0.8729037952338923,0.7613548883756736,0.8133223684210527,0.8283777077368287,0.08583889512984867
Logistic Regression,F,26,0.0015772870662460567,0.07692307692307693,0.0030911901081916537,0.0015183652050229615,0.00171809951761052
Random Forest,N,13374,0.9630299693227405,0.9154329295648272,0.938628435619274,0.9872070453567084,0.8837639595585806
Random Forest,S,434,0.11818181818181818,0.11981566820276497,0.11899313501144165,0.0901307515468098,0.02867904579396022
Random Forest,V,1299,0.934833204034135,0.9276366435719784,0.9312210200927357,0.980227811545831,0.08583889512984867
Random Forest,F,26,0.001447178002894356,0.038461538461538464,0.002789400278940028,0.0033690623991482213,0.00171809951761052
CNN,N,13374,0.952551093325711,0.996710034395095,0.9741303712364806,0.9033054005994879,0.8837639595585806
CNN,S,434,0.0,0.0,0.0,0.017435810302974496,0.02867904579396022
CNN,V,1299,0.9818181818181818,0.8314087759815243,0.9003751563151313,0.9618939190511236,0.08583889512984867
CNN,F,26,0.0,0.0,0.0,0.0013456125235548064,0.00171809951761052
