Model,Class,Support,Prevalence,ROC AUC,Average Precision,Precision,Recall,F1
Logistic Regression,N,13374,0.8837639595585806,0.926935311767557,0.9653851860419191,0.9861640701601482,0.6768356512636459,0.8027313439453732
Logistic Regression,S,434,0.02867904579396022,0.962532326880132,0.7262547539558443,0.11370672670982268,0.9308755760368663,0.20265864058189115
Logistic Regression,V,1299,0.08583889512984867,0.9243911615378341,0.8283777077368287,0.8729037952338923,0.7613548883756736,0.8133223684210527
Logistic Regression,F,26,0.00171809951761052,0.4108054849763992,0.0015183652050229615,0.0015772870662460567,0.07692307692307693,0.0030911901081916537
Random Forest,N,13374,0.8837639595585806,0.9199537629672364,0.9872070453567084,0.9630299693227405,0.9154329295648272,0.938628435619274
Random Forest,S,434,0.02867904579396022,0.8479281483457761,0.0901307515468098,0.11818181818181818,0.11981566820276497,0.11899313501144165
Random Forest,V,1299,0.08583889512984867,0.9969776352913458,0.980227811545831,0.934833204034135,0.9276366435719784,0.9312210200927357
Random Forest,F,26,0.00171809951761052,0.6923497003426837,0.0033690623991482213,0.001447178002894356,0.038461538461538464,0.002789400278940028
CNN,N,13374,0.8837639595585806,0.7702956947767524,0.9033054005994879,0.952551093325711,0.996710034395095,0.9741303712364806
CNN,S,434,0.02867904579396022,0.22539590924866204,0.017435810302974496,0.0,0.0,0.0
CNN,V,1299,0.08583889512984867,0.9913597196629161,0.9618939190511236,0.9818181818181818,0.8314087759815243,0.9003751563151313
CNN,F,26,0.00171809951761052,0.3863669923774511,0.0013456125235548064,0.0,0.0,0.0
