Model,Class,ROC AUC,Average Precision,Prevalence
Logistic Regression,N,0.926935311767557,0.9653851860419191,0.8837639595585806
Logistic Regression,S,0.962532326880132,0.7262547539558442,0.02867904579396022
Logistic Regression,V,0.9243911615378341,0.8283777077368288,0.08583889512984867
Logistic Regression,F,0.4108054849763992,0.0015183652050229618,0.00171809951761052
Random Forest,N,0.9199537629672364,0.9872070453567084,0.8837639595585806
Random Forest,S,0.8479281483457761,0.0901307515468098,0.02867904579396022
Random Forest,V,0.9969776352913458,0.980227811545831,0.08583889512984867
Random Forest,F,0.6923497003426837,0.0033690623991482213,0.00171809951761052
CNN,N,0.7702956947767524,0.9033054005994878,0.8837639595585806
CNN,S,0.22539590924866204,0.017435810302974496,0.02867904579396022
CNN,V,0.9913597196629161,0.9618939190511236,0.08583889512984867
CNN,F,0.3863669923774511,0.0013456125235548066,0.00171809951761052
