Model,Class,Positive Support,Negative Support,ROC AUC
Logistic Regression,N,13374,1759,0.926935311767557
Logistic Regression,S,434,14699,0.962532326880132
Logistic Regression,V,1299,13834,0.9243911615378341
Logistic Regression,F,26,15107,0.4108054849763992
Random Forest,N,13374,1759,0.9199537629672364
Random Forest,S,434,14699,0.8479281483457761
Random Forest,V,1299,13834,0.9969776352913458
Random Forest,F,26,15107,0.6923497003426837
CNN,N,13374,1759,0.7702956947767524
CNN,S,434,14699,0.22539590924866204
CNN,V,1299,13834,0.9913597196629161
CNN,F,26,15107,0.3863669923774511
